Name,Length,Love,type,fiction_year
青城山隐者记,1192,2,classical,1445
岭表录异,9290,6,classical,900
玄怪录,23522,22,classical,830
大唐新语,55126,26,classical,807
独异志,21850,12,classical,800
古今谭概,186226,111,classical,1620
北梦琐言,51593,37,classical,880
唐国史补,16547,11,classical,813
夜雨秋灯录,117739,413,classical,1877
赵太祖三下南唐,97954,309,classical,1858
夜谭随录,128019,248,classical,1791
女聊斋志异,91529,312,classical,1913
益智录,127318,258,classical,1875
万锦情林,158998,1332,classical,1600
道山清话,12389,6,classical,1110
断鸿零雁记,19972,29,classical,1912
投辖录,13362,15,classical,1224
青箱杂记,22815,27,classical,1087
笑赞,9195,7,classical,1600
拾遗记,28830,20,classical,1534
淞隐漫录,223678,957,classical,1875
花影集,37921,68,classical,1500
幽明录,16423,11,classical,440
裴谌,1160,1,classical,878
马待封,508,0,classical,804
封陟,995,2,classical,980
酉阳杂俎,84445,27,classical,870
明镜公案,22256,41,classical,1630
卖䭔媪,308,0,classical,840
兰亭始未记,1870,3,classical,722
杨家将传,101053,47,classical,1570
封神演义一改,347716,175,classical,1566
东西晋演义,274097,72,classical,1600
三教偶拈,83775,45,classical,1600
杨太真外传,6378,11,classical,990
蟫史,149978,130,classical,1801
桂苑丛谈,4809,4,classical,880
南明野史,100366,21,classical,1739
杜阳杂编,12953,13,classical,886
天禄阁外史,47593,20,classical,1574
古小說鉤沈,3672,0,classical,1910
天妃娘妈传,40328,21,classical,1600
却要,304,0,classical,820
宣室志,58081,29,classical,880
长短经,454490,141,classical,750
剑侠传,14787,8,classical,1565
冥祥记,30404,11,classical,500
野记,40066,9,classical,1500
美人书,47307,264,classical,1900
杜骗新书,57014,56,classical,1630
夷坚乙志,59092,26,classical,1200
夷坚甲志,58423,30,classical,1200
病榻遗言,13114,1,classical,1573
杨家府世代忠勇通俗演义,107402,75,classical,1606
因话录,17574,7,classical,840
中山狼传,1835,1,classical,1500
萤窗清玩,113396,692,classical,1650
周朝秘史,146333,55,classical,1566
洪宪宫闱艳史演义,78141,123,classical,1921
续世说,71694,30,classical,1100
鸳鸯阵,29402,104,classical,1560
续三国演义,535904,134,classical,1609
开天传信记,4199,3,classical,880
河东记,16809,17,classical,850
张住住,794,2,classical,870
搜神记,50798,29,classical,330
痴婆子传,9427,22,classical,1612
隋唐两朝志传,191562,68,classical,1370
睽车志,20878,12,classical,1200
张可九元曲集,2173,11,classical,1300
宋史演义,69799,37,classical,1922
唐宝记,995,0,classical,850
二十四尊得道罗汉传,37458,38,classical,1605
唐语林,109004,59,classical,1100
开元天宝遗事,8689,8,classical,730
两晋秘史,273033,71,classical,1612
容斋四笔,59924,31,classical,1150
续子不语,49165,55,classical,1788
详刑公案,55994,110,classical,1600
夷坚丙志,56573,29,classical,1200
祁生天缘奇遇,3697,29,classical,1600
王生,634,0,classical,870
元人小令选,3001,25,classical,1330
艳异编续集,86097,395,classical,1571
新齐谐,185051,160,classical,1788
续夷坚志,24081,12,classical,1250
西汉演义,175458,68,classical,1612
南村辍耕录,144729,126,classical,1367
钟吕传道集,20316,32,classical,1100
艳异编,244220,750,classical,1570
湘山野录,21107,10,classical,1070
玉簪记,119517,114,classical,1600
龙城录,3647,1,classical,800
四朝闻见录,71828,20,classical,1220
夷坚丁志,56573,29,classical,1200
冥报记,16436,3,classical,655
唐摭言,51439,65,classical,900
崇祯朝野纪,71658,11,classical,1660
夷坚志,228854,127,classical,1198
王阳明靖乱录,31887,10,classical,1630
两晋演义,381673,222,classical,1906
情史,333203,1420,classical,1620
无名氏28首,1679,11,classical,1300
南朝秘史,133826,118,classical,1775
次柳氏旧闻,3469,2,classical,840
银瓶梅,41474,30,classical,1870
姜氏秘史,46464,14,classical,1520
古今律条公案,50982,99,classical,1610
朝野佥载,40735,24,classical,700
张无颇,1080,1,classical,870
茅亭客话,22192,9,classical,1006
负情侬传,2142,8,classical,1600
唐阙史,14804,8,classical,884
客窗闲话,63240,60,classical,1850
玉壶清话,35530,14,classical,1100
明皇杂录,8319,4,classical,849
俗话倾谈,62006,86,classical,1870
括异志,27312,9,classical,1050
渑水燕谈录,33714,15,classical,1067
归田录,19198,8,classical,1050
燕山外史,25288,107,classical,1799
金陵秋,28514,26,classical,1920
两汉开国中兴传志,91875,22,classical,1605
魏晋世语,395,0,classical,400
容斋三笔,59110,45,classical,1150
龙川略志,17189,4,classical,1100
花神三妙传,19453,144,classical,1400
韩擒虎话本,4805,3,classical,841
邓厂,318,0,classical,800
坐花志果,72263,63,classical,1900
仙杂记,16871,12,classical,904
合浦珠,57356,317,classical,1650
中朝故事,2563,1,classical,937
搜神后记,13134,7,classical,500
宁茵,977,1,classical,820
飞燕外传,10052,12,classical,450
海刚峰先生居官公案传,64237,100,classical,1606
玉梨魂,70668,2226,classical,1913
全相平话,152961,38,classical,1350
东周列国志,449168,261,classical,1750
兰闺恨,45046,272,classical,1917
返生香,28590,33,classical,1800
南史演义,139331,117,classical,1795
达摩出身传灯传,15150,10,classical,1605
东游记,29109,27,classical,1566
续客窗闲话,61780,68,classical,1850
容斋五笔,39026,24,classical,1150
说唐,137987,101,venacular,1730
海公案,205035,325,venacular,1630
幻中游,39575,73,venacular,1767
说呼全传,77431,116,venacular,1779
维扬十友,642,1,venacular,870
黑森林,331655,1103,venacular,1940
孙恪,2251,7,venacular,763
十二笑,40318,295,venacular,1668
南海观音菩萨出身修行传,19757,51,venacular,1602
于少保萃忠传,74808,67,venacular,1580
西湖佳话,61705,214,venacular,1664
天豹图,31567,53,venacular,1814
荆楚岁时记,12670,22,venacular,550
后汉演义,388817,613,venacular,1925
宛如约,57454,393,venacular,1700
铁笛子,394756,583,venacular,1950
定婚店,1285,4,venacular,800
隋唐演义,430233,1237,venacular,1675
欢喜冤家,166648,908,venacular,1640
绮楼重梦,150336,423,venacular,1805
风月鉴,37210,138,venacular,1820
绣云阁,397237,747,venacular,1860
长恨歌传,1862,10,venacular,805
五代秘史,76031,75,venacular,1380
幻中真,37407,149,venacular,1730
温京兆,1052,1,venacular,870
郭元振,2913,0,venacular,810
赵飞燕别传,2655,26,venacular,1100
混唐后传,68994,193,venacular,1645
续红楼梦新编,180779,324,venacular,1805
南北史演义,401432,872,venacular,1920
绿翘,926,6,venacular,820
穆天子传,20237,15,venacular,0
红楼春梦,372542,1359,venacular,1879
隔帘花影,159369,430,venacular,1700
薛刚反唐,106147,175,venacular,1760
东度记,313318,885,venacular,1645
春阿氏谋夫案,119597,259,venacular,1900
五鼠闹东京,18638,80,venacular,1824
胡涂世界,67985,44,venacular,1905
李黄,676,0,venacular,800
闲情偶寄,105998,327,venacular,1671
苏无名,893,1,venacular,804
醉醒石,76883,213,venacular,1644
韦自东,1234,0,venacular,870
红线传,1524,2,venacular,868
人面桃花,442,4,venacular,820
万里孤侠,79393,244,venacular,1948
商界现形记,60204,121,venacular,1911
王居贞,299,0,venacular,870
义侠,669,0,venacular,850
瑶华传,187914,245,venacular,1803
初刻拍案惊奇,275775,825,venacular,1628
五虎平南,84740,176,venacular,1800
张鷟,212,0,venacular,870
补江总白猿传,1567,2,venacular,750
禽海石,29756,208,venacular,1906
蜃楼外史,132703,315,venacular,1895
林公案,136099,115,venacular,1912
申屠澄,1106,6,venacular,830
盘古至唐虞传,21479,28,venacular,1620
国色天香,172529,2102,venacular,1597
封神演义,393257,564,venacular,1570
僧尼孽海,20656,86,venacular,1620
八美图,89080,328,venacular,1645
巫山艳史,28397,321,venacular,1662
前汉演义,372999,876,venacular,1932
归莲梦,51441,256,venacular,1670
明代宫闱史,500126,1563,venacular,1930
杨娼传,664,3,venacular,830
南柯太守传,4449,21,venacular,800
珍珠舶,57012,318,venacular,1670
飞花咏,59306,364,venacular,1672
吴江雪,49943,296,venacular,1664
劫馀灰,53352,107,venacular,1907
刘墉传奇,217154,271,venacular,1908
鸳鸯针,20532,47,venacular,1640
绣球缘,36563,62,venacular,1851
昭君艳史演义,17013,83,venacular,1930
跻春台,223712,905,venacular,1899
新石头记,110350,63,venacular,1909
长恨传,1984,8,venacular,800
小八义,184928,541,venacular,1900
负曝闲谈,64169,33,venacular,1903
宦海升沉录,70170,101,venacular,1909
清忠谱,47619,61,venacular,1660
王维,835,3,venacular,870
施公案,783846,1052,venacular,1820
鬼谷四友志,27427,41,venacular,1803
绿牡丹,131228,218,venacular,1831
回天绮谈,23785,96,venacular,1903
扫迷帚,22656,35,venacular,1905
杨叟,845,0,venacular,830
聚仙亭,20271,69,venacular,1840
车中女子,868,0,venacular,735
李章武传,1851,40,venacular,800
痴人福,46406,197,venacular,1805
妖狐艳史,15640,90,venacular,1775
萧旷,1717,7,venacular,820
金钟传,151781,233,venacular,1896
邻女语,39925,56,venacular,1903
貂蝉艳史演义,16917,80,venacular,1600
海上尘天影,463925,1544,venacular,1904
虎爪山王,24564,9,venacular,1947
崔思兢,470,0,venacular,978
跻云楼,36520,82,venacular,1768
戏中戏,14155,40,venacular,1820
娘子军,27487,481,venacular,1911
醒世姻缘传,553773,731,venacular,1710
邓甲,715,3,venacular,800
梼杌萃编,152433,487,venacular,1900
英雄泪,81560,172,venacular,1910
百家公案,69653,298,venacular,1573
梦中缘,62926,408,venacular,1726
剑侠奇中奇全传,72992,65,venacular,1821
毛公案,14842,23,venacular,1908
熙朝快史,29894,49,venacular,1895
快心编传奇三集,115644,358,venacular,1700
峨嵋仙踪,2434505,6439,venacular,1932
型世言,237997,700,venacular,1630
警世阴阳梦,64085,138,venacular,1628
叶静能,422,0,venacular,870
玉支玑,59126,247,venacular,1650
峨嵋后传,184635,850,venacular,1932
稽神录,37919,16,venacular,955
红楼梦影,79139,113,venacular,1877
后宋慈云走国全传,98025,141,venacular,1820
狄青演义,153749,223,venacular,1890
新民公案,55845,77,venacular,1605
人间乐,51778,312,venacular,1673
阅微草堂笔记,252739,588,venacular,1790
快心编传奇二集,91295,175,venacular,1700
姑妄言,746799,3366,venacular,1730
广异记,2019,0,venacular,630
驻春园,38133,576,venacular,1750
二荷花史,32234,360,venacular,1800
十尾龟,198171,237,venacular,1911
情变,46976,190,venacular,1910
大汉三合明珠宝剑全传,66648,125,venacular,1830
红楼幻梦,174490,1041,venacular,1842
倩女离魂,7956,64,venacular,1300
罂粟花,18960,4,venacular,1917
生绡剪,136545,455,venacular,1670
宋代十八朝艳史演义,321604,854,venacular,1922
玉娇梨,89504,418,venacular,1658
贾人妻,652,8,venacular,824
蝴蝶媒,64821,299,venacular,1710
玉燕姻缘全传,103699,541,venacular,1895
飞跎全传,28444,65,venacular,1817
上清传,1035,2,venacular,800
峡口道士,748,0,venacular,970
人虎传,1678,0,venacular,850
一层楼,130914,429,venacular,1903
秦朝野史,15445,29,venacular,1910
二十年目睹之怪现状,379618,440,venacular,1903
残唐五代史演义传,74877,72,venacular,1370
锦绣衣－换嫁衣,15339,75,venacular,1700
嘉兴绳技,413,0,venacular,735
开辟演义,69617,87,venacular,1628
冯俊,891,0,venacular,810
红风传,21601,20,venacular,1906
大明正德皇游江南传,59346,142,venacular,1842
三春梦,137089,88,venacular,1665
包待制智勘后庭花,12884,26,venacular,1300
虬髯客传,2536,2,venacular,900
一枕奇,38501,70,venacular,1640
宋之愻,301,0,venacular,850
李公案,51375,31,venacular,1902
说岳全传,293463,281,venacular,1684
观音菩萨传奇,69980,110,venacular,1680
今古奇观,316198,1243,venacular,1640
云海争奇记·兵书峡,992932,1473,venacular,1938
雍正剑侠图,833377,742,venacular,1920
喻世明言,243294,817,venacular,1621
韩湘子全传,119420,272,venacular,1623
照世杯,41110,156,venacular,1662
民国演义,131629,233,venacular,1921
太平广记,3112527,4521,venacular,978
英云梦传,121220,619,venacular,1805
禅真逸史,261778,739,venacular,1622
十二楼,97743,465,venacular,1658
隋史遗文,200037,336,venacular,1633
汉代宫廷艳史,462137,1506,venacular,1920
海上花列传,221913,559,venacular,1892
海游记,21921,33,venacular,1786
夏商野史,118831,178,venacular,1814
燕子笺,29620,106,venacular,1610
炎凉岸,30388,81,venacular,1673
歇浦潮,710735,1566,venacular,1920
陶尹二君,1412,7,venacular,820
三刻拍案惊奇,186726,585,venacular,1631
近世社会龌龊史,59643,45,venacular,1910
钟馗斩鬼传,47508,118,venacular,1700
续济公传,563547,622,venacular,1700
吴全素,2209,0,venacular,870
糊涂世界,68626,53,venacular,1906
梁山伯与祝英台,8760,95,venacular,1930
自作孽,9623,13,venacular,1665
唐钟馗平鬼传,30671,50,venacular,1750
后官场现形记,47429,85,venacular,1907
平妖传,165793,273,venacular,1580
薛昭,1453,4,venacular,830
巧联珠,49499,233,venacular,1723
品花宝鉴,367533,1169,venacular,1849
连城璧外编,41100,120,venacular,1804
锦香亭,61588,196,venacular,1670
海上魂,76194,98,venacular,1907
华州参军,1208,11,venacular,880
鬼神传,30230,99,venacular,1850
崔书生,826,0,venacular,978
七真因果传,55034,130,venacular,1906
东城老父传,2185,3,venacular,820
飞剑记,29798,82,venacular,1603
姚坤,833,2,venacular,870
西太后艳史演义,164186,414,venacular,1930
李卫公靖,2020,0,venacular,800
廉广,786,2,venacular,800
谢小娥传,1611,0,venacular,800
海公小红袍全传,71165,104,venacular,1832
刘崇龟,633,1,venacular,880
红楼梦,592254,1876,venacular,1791
大侠狄龙子,376688,1674,venacular,1948
水石缘,68480,360,venacular,1774
蒋武,585,0,venacular,878
醒名花,51651,277,venacular,1664
锦绣衣－移绣谱,20071,67,venacular,1700
常言道,39352,72,venacular,1804
王燧,162,0,venacular,870
铁树记,33572,39,venacular,1603
古岳渎经,852,0,venacular,820
于公案,87552,230,venacular,1908
后红楼梦,168129,448,venacular,1796
许栖岩,870,3,venacular,820
三国演义,409550,313,venacular,1522
醒世新编,58914,151,venacular,1895
黑籍冤魂,50521,92,venacular,1916
两交婚小传,78833,493,venacular,1675
白圭志,41153,181,venacular,1805
三宝太监西洋记,508512,569,venacular,1597
大宋宣和遗事,46706,67,venacular,1300
大八义,418328,235,venacular,1900
郑德璘,1354,1,venacular,870
蕉叶帕,28469,93,venacular,1820
文萧,1036,7,venacular,870
崔玄微,954,1,venacular,978
锋剑春秋,239023,189,venacular,1865
莺莺传,19348,373,venacular,790
武当七女,72004,712,venacular,1949
黄金世界,57119,103,venacular,1907
续金瓶梅,237849,829,venacular,1660
西游记传,47445,38,venacular,1600
剪灯余话,74911,465,venacular,1419
新镌移本评点小说绣屏缘,54896,562,venacular,1700
婆罗岸全传,66199,170,venacular,1804
孝感天,17668,47,venacular,1908
赛红丝,56196,234,venacular,1673
蛮荒侠隐,302289,730,venacular,1934
歧路灯,120211,125,venacular,1780
马拯,1064,0,venacular,840
清史演义,115906,202,venacular,1916
红楼圆梦,74645,266,venacular,1814
山海经,28476,26,venacular,0
咒枣记,32383,99,venacular,1603
后水浒传,191791,332,venacular,1644
黑蚂蚁,200453,1275,venacular,1940
绿野仙踪,149980,238,venacular,1764
二刻拍案惊奇,275041,847,venacular,1632
笔梨园,15127,84,venacular,1664
补红楼梦,213482,908,venacular,1814
如此京华,29973,83,venacular,1951
宣慈寺门子,616,0,venacular,923
生花梦,64396,330,venacular,1673
泣红亭,84459,275,venacular,1878
崇祯惨史,59127,57,venacular,1890
飞烟传,2256,25,venacular,880
王之涣,569,0,venacular,870
西游记补,32298,94,venacular,1680
风流悟,68900,265,venacular,1744
任氏传,3789,18,venacular,770
彭公案,600067,610,venacular,1892
春消息,43783,175,venacular,1631
八仙得道,343720,871,venacular,1868
后三国石珠演义,83066,120,venacular,1740
新茶花,26286,189,venacular,1907
飞花艳想,46766,353,venacular,1729
乾隆下江南,216931,379,venacular,1650
包公案,18654,67,venacular,1449
木兰奇女传,73074,99,venacular,1827
叶限,1011,4,venacular,870
尼妙寂,1221,0,venacular,810
金莲仙史,65168,138,venacular,1908
说唐演义全传,138469,102,venacular,1736
风流配,16780,130,venacular,1700
周邯,880,1,venacular,870
桃花扇,24901,88,venacular,1699
南朝金粉录,80064,169,venacular,1899
清风闸,48528,128,venacular,1819
颜浚,1301,5,venacular,830
水浒传,594594,674,venacular,1524
通天乐,15198,29,venacular,1726
梁公九谏,2891,2,venacular,1000
离魂记,753,6,venacular,770
许老翁,1960,1,venacular,820
定命录,3906,2,venacular,830
丹忠录,81201,104,venacular,1632
齐推女,1712,7,venacular,830
皇清秘史,336717,970,venacular,1900
杏花天,54161,525,venacular,1662
翁彦枢,396,0,venacular,870
醒梦骈言,93543,251,venacular,1710
仙侠五花剑,95998,80,venacular,1901
金瓶梅,540250,1521,venacular,1610
包待制智赚生金阁,12601,22,venacular,1300
耳食录,266821,1021,venacular,1794
升仙传,126073,151,venacular,1881
绘图第一奇女,252452,991,venacular,1914
薛丁山征西,155672,229,venacular,1760
儿女英雄传,390141,632,venacular,1850
快士传,81930,169,venacular,1726
石点头,136906,746,venacular,1640
李睍,591,0,venacular,800
斯文变相,27048,24,venacular,1906
老残游记二编,42275,94,venacular,1903
平山冷燕,92079,312,venacular,1658
定鼎奇闻,45887,111,venacular,1700
吴保安,2567,8,venacular,870
警寤钟,34581,97,venacular,1722
续红楼梦,218981,922,venacular,1805
燕京岁时记,14485,7,venacular,1906
大漠英雄,219008,1012,venacular,1932
李庆远,209,0,venacular,800
玉佛缘,21787,19,venacular,1905
上古秘史,691145,859,venacular,1936
春柳莺,55882,238,venacular,1662
薛伟,1359,3,venacular,830
汉宫秋,8021,35,venacular,1295
江叟,965,4,venacular,810
蜜蜂计,25358,42,venacular,1908
黄绣球,104160,123,venacular,1905
郭纯,93,0,venacular,800
空空幻,72844,862,venacular,1676
黑孩儿,126957,528,venacular,1947
文明小史,202152,153,venacular,1903
大唐三藏取经诗话,8923,13,venacular,1279
霞笺记,23780,214,venacular,1610
海内十洲记,5143,7,venacular,0
疗妒缘,29593,198,venacular,1776
枕上晨钟,47718,215,venacular,1186
无双传,3068,7,venacular,850
李娃传,4909,18,venacular,800
赵合,1116,4,venacular,870
九尾龟,510254,1590,venacular,1906
骆宾王,432,0,venacular,820
何典,35057,76,venacular,1800
终须梦,43843,299,venacular,1740
醒世恒言,365209,1241,venacular,1627
新纪元,51365,17,venacular,1907
案中冤案,89122,88,venacular,1917
楚儿,154,0,venacular,884
浪史奇观,39909,299,venacular,1600
胡雪岩外传,26554,40,venacular,1903
合锦回文传,89619,532,venacular,1798
唐史演义,83769,182,venacular,1940
王知古,2268,6,venacular,870
南游记,31450,21,venacular,1570
斩鬼传,47362,122,venacular,1687
侠丐木尊者,35315,61,venacular,1949
满汉斗,17263,13,venacular,1908
八洞天,81878,267,venacular,1726
金屋梦,210052,762,venacular,1661
何婆,234,0,venacular,810
比目鱼,29714,83,venacular,1820
善恶图全传,115664,82,venacular,1819
崔炜,3231,6,venacular,978
龙山四友,272596,782,venacular,1930
西施艳史演,17260,57,venacular,1930
枕中记,1571,3,venacular,780
剪灯新话,45792,185,venacular,1378
孤山再梦,24614,198,venacular,1676
雷峰塔,36970,283,venacular,1771
大明奇侠传,121634,249,venacular,1830
狄公案,136419,119,venacular,1890
柳毅传,5863,40,venacular,780
阳城,597,1,venacular,830
八贤传,50805,100,venacular,1908
李使君,694,1,venacular,800
金台全传,213763,298,venacular,1895
清宫十三朝演义,405891,1427,venacular,1926
大唐秦王词话,187868,265,venacular,1600
绘芳录,466384,1429,venacular,1894
新编五代史平话,53398,62,venacular,1250
柳非烟,17228,91,venacular,1907
风月梦,103392,570,venacular,1848
狮子吼,34272,59,venacular,1905
牛郎织女传,17452,115,venacular,1605
肉蒲团,65450,270,venacular,1622
唐代宫廷艳史,458605,2860,venacular,1922
二十四史通俗演义,361334,282,venacular,1727
杨虞卿,694,1,venacular,870
世说新语,182555,269,venacular,430
笏山记,163613,294,venacular,1908
薛昌绪,269,1,venacular,820
樵史通俗演义,111659,218,venacular,1651
永庆升平后传,238834,342,venacular,1894
北里志,2177,4,venacular,884
英烈传,144294,113,venacular,1580
冥音录,1890,10,venacular,900
五虎征西,211671,590,venacular,1800
明史演义,124838,247,venacular,1917
游仙窟,5236,32,venacular,700
听月楼,45701,247,venacular,1819
秀师言记,861,2,venacular,870
青龙传,9773,16,venacular,1908
东汉演义,101365,108,venacular,1600
罗锅轶事,48623,92,venacular,1900
樊夫人,1150,1,venacular,800
玉蟾记,63576,216,venacular,1827
无声戏,90894,305,venacular,1651
破镜重圆,440,4,venacular,900
青红帮演义,74912,92,venacular,1930
杜牧,1226,1,venacular,860
红楼复梦,547950,1396,venacular,1805
金石缘,76234,395,venacular,1749
妙女传,1005,3,venacular,810
子不语,241132,345,venacular,1788
李回,198,0,venacular,800
明月台,20462,96,venacular,1856
新镌绣像麴头陀济颠全传,115444,224,venacular,1700
醒风流,70110,232,venacular,1672
汉杂事秘辛,928,1,venacular,0
李謩,484,1,venacular,800
引凤萧,38845,102,venacular,1660
泪珠缘,259253,857,venacular,1900
薛家将,395211,494,venacular,1760
世无匹,64582,215,venacular,1660
东汉秘史,103941,118,venacular,1892
永庆升平前传,228072,278,venacular,1891
杀妻者,616,3,venacular,890
五代残唐,76048,75,venacular,1380
高昱,1119,3,venacular,810
绣鞋记,34254,232,venacular,1862
平金川,66216,75,venacular,1880
画琵琶,851,0,venacular,810
荡寇志,453185,508,venacular,1847
红楼真梦,378010,1386,venacular,1879
红楼梦补,235762,754,venacular,1819
痴人说梦记,86238,73,venacular,1904
峨嵋仙踪-前传,263776,1573,venacular,1932
三门街前后传,195880,912,venacular,1908
金云翘传,74084,609,venacular,1650
走马春秋,60860,128,venacular,1820
包龙图智赚合同文字,7956,17,venacular,1300
北史演义,175583,395,venacular,1793
警世通言,257081,1048,venacular,1624
三续金瓶梅,132593,610,venacular,1821
西京杂记,18939,15,venacular,25
北游记,31355,52,venacular,1602
元柳二公,1889,12,venacular,870
精忠旗,49014,120,venacular,1600
九尾狐,234008,795,venacular,1908
皇明诸司公案,64694,179,venacular,1600
刘公案,305937,397,venacular,1908
水浒后传,170086,257,venacular,1664
麟儿报,62076,267,venacular,1672
粤东繁华梦,116250,140,venacular,1905
最近官场秘密史,156977,254,venacular,1910
杀子报,32329,67,venacular,1897
双灯记,22332,206,venacular,1908
续英烈传,62406,75,venacular,1610
梼杌闲评,233796,519,venacular,1641
霍小玉传,6388,73,venacular,800
五色石,79982,293,venacular,1726
廿载繁华梦,116249,140,venacular,1905
女娲石,29826,84,venacular,1907
轰天雷,39223,58,venacular,1903
女界鬼域记,34943,89,venacular,1909
九云记,143607,566,venacular,1818
天女散花,17613,18,venacular,1900
冷眼观,158806,307,venacular,1907
灯草和尚,20538,82,venacular,1650
杜子春,2682,8,venacular,800
林兰香,125100,1044,venacular,1838
续儿女英雄传,121021,105,venacular,1898
兰花梦,195729,707,venacular,1905
崔慎思,392,0,venacular,978
皋兰异人传,104672,100,venacular,1943
续小五义,286976,171,venacular,1891
人中画,44250,293,venacular,1663
西湖二集,217222,737,venacular,1644
西厢记,32424,282,venacular,1300
辽海丹忠录,78342,100,venacular,1641
第一美女传,61692,196,venacular,1650
东阳夜怪录,5008,10,venacular,818
冯燕传,523,0,venacular,810
连城璧,126024,404,venacular,1804
青楼梦,144659,2112,venacular,1878
画图缘,70761,285,venacular,1700
板桥三娘子,1147,1,venacular,840
张利涉,253,0,venacular,870
梦红楼梦,10371,132,venacular,1850
蜗触蛮三国争地记,11746,23,venacular,1908
燕丹子,4913,10,venacular,0
李俊,924,0,venacular,800
粉妆楼,142651,204,venacular,1796
唐三藏西游释厄传,81005,74,venacular,1500
梅兰佳话,65526,425,venacular,1837
双龙传,12214,8,venacular,1908
雨花香,53112,159,venacular,1726
瓜分惨祸预言记,40696,120,venacular,1903
玉楼春,58427,192,venacular,1645
定情人,61478,476,venacular,1675
凤凰池,68126,401,venacular,1720
崔护,442,4,venacular,884
妆钿铲传,20973,26,venacular,1756
快心编传奇初集,89520,202,venacular,1700
聊斋志异,531469,1699,venacular,1740
恨海,35863,108,venacular,1906
龙图公案,116842,358,venacular,1620
元史演义,204078,422,venacular,1930
章台柳,33464,118,venacular,1821
老残游记续集,41403,91,venacular,1903
杨乃武与小白菜,135740,504,venacular,1900
贵妃艳史演义,17746,144,venacular,1850
聂隐娘,1654,9,venacular,878
三峡传,786458,848,venacular,1920
闾丘子,791,0,venacular,820
八段锦,31818,103,venacular,1640
边塞英雄谱,65479,100,venacular,1938
女侠夜明珠,180377,520,venacular,1948
隋代宫闱史,255116,988,venacular,1922
草木春秋演义,69479,47,venacular,1797
云仙笑,35671,78,venacular,1650
济公全传,500350,439,venacular,1900
僧侠,819,0,venacular,830
窦乂,2445,0,venacular,760
神魔列国志,700674,1758,venacular,1936
六月霜,36799,60,venacular,1911
后西游记,199080,231,venacular,1650
花月痕,164350,713,venacular,1886
驻春园小史,37658,571,venacular,1740
吴堪,603,5,venacular,870
娇红记,62267,1073,venacular,1314
阎玄一,259,0,venacular,830
苑抽,368,0,venacular,870
双凤奇缘,114690,525,venacular,1809
都是幻,39503,196,venacular,1664
赛花铃,37454,193,venacular,1662
大马扁,45588,55,venacular,1908
续镜花缘,106033,271,venacular,1910
三梦记,898,0,venacular,820
隋炀帝艳史,164311,594,venacular,1630
海外扶余,80384,18,venacular,1906
云南野乘,5703,2,venacular,1907
大宋中兴通俗演义,142174,107,venacular,1561
洪秀全演义,204882,181,venacular,1905
浓情快史,80830,415,venacular,1600
飞龙全传,226089,433,venacular,1768
独手丐,421894,939,venacular,1932
博物志,21737,22,venacular,400
昆仑奴,1237,4,venacular,860
桃花女阴阳斗传,30236,44,venacular,1848
薛仁贵征东,149171,104,venacular,1760
张老,2294,2,venacular,870
三遂平妖传,54227,30,venacular,1370
二度梅,86655,256,venacular,1740
西游记,510470,660,venacular,1592
窦娥冤,11372,31,venacular,1292
雅观楼,33313,107,venacular,1821
韦皋,1015,9,venacular,870
闺门秘术,101071,137,venacular,1907
娱目醒心编,88456,236,venacular,1792
卢涵,714,2,venacular,820
三侠剑,788376,848,venacular,1920
官场现形记,465096,370,venacular,1903
儒林外史,233820,226,venacular,1772
残水浒,71107,61,venacular,1933
三侠五义,354856,429,venacular,1879
禅真后史,172574,311,venacular,1628
脂砚斋重评石头记,510053,1827,venacular,1820
再生缘,499709,2966,venacular,1788
郭公案,61654,95,venacular,1900
雷峰塔奇传,29600,135,venacular,1806
豆棚闲话,59073,113,venacular,1700
野叟曝言,880431,2115,venacular,1750
西游补,30038,77,venacular,1641
铁花仙史,93176,499,venacular,1776
孽海花,170299,414,venacular,1907
万花楼,169426,280,venacular,1800
青门十四侠,147641,908,venacular,1948
济公活佛传奇录,56743,111,venacular,1640
曾季衡,732,8,venacular,810
宋代宫闱史,400233,983,venacular,1922
庐江冯媪传,578,0,venacular,820
吉顼,907,0,venacular,810
绘图仙卜奇缘,86667,212,venacular,1897
湘中怨解,676,5,venacular,820
姚氏三子,1716,0,venacular,870
狐狸缘全传,56343,349,venacular,1890
赵存,874,0,venacular,870
续红楼梦未竞稿,120814,336,venacular,1857
清代宫廷艳史,403406,1395,venacular,1925
好逑传,85815,318,venacular,1673
警富新书,51847,72,venacular,1809
绣像红灯记鼓词,41279,356,venacular,1700
小五义,291697,237,venacular,1890
张文祥刺马案,156396,216,venacular,1913
海角遗编,22802,17,venacular,1648
历代兴衰演义,211482,143,venacular,1650
陈鸾凤,805,21,venacular,820
雪月梅,165313,446,venacular,1774
医界镜,58523,191,venacular,1908
金兰筏,45625,124,venacular,1777
崔张自称侠,546,0,venacular,978
海国春秋,317032,436,venacular,1750
张藏用,285,0,venacular,870
蜃楼志,111977,353,venacular,1804
续西游记,318313,248,venacular,1630
情梦柝,57086,208,venacular,1700
热血痕,91600,98,venacular,1907
灵应传,5743,15,venacular,880
周秦行记,2022,1,venacular,840
惊梦啼,24045,135,venacular,1670
女仙外史,368453,491,venacular,1703
天山飞侠,174805,384,venacular,1943
山水情,73405,367,venacular,1644
绣榻野史,27027,64,venacular,1600
萤窗异草,320471,1512,venacular,1796
王积薪,542,0,venacular,880
镜花缘,277770,463,venacular,1817
清平山堂话本,82971,378,venacular,1530
陈义郎,971,10,venacular,850
琵琶记,51131,296,venacular,1400
田氏子,388,0,venacular,820
田膨郎,871,3,venacular,895
九命奇冤,44707,19,venacular,1904
古镜记,4663,5,venacular,713
无耻奴,110902,176,venacular,1907
春秋配,29142,71,venacular,1650
灯月缘,40525,409,venacular,1711
龙凤再生缘,195513,696,venacular,1780
海公大红袍全传,133921,221,venacular,1813
裴航,570,1,venacular,878
白牡丹,116412,176,venacular,1901
蓝公案,82359,93,venacular,1700
七剑十三侠,347086,400,venacular,1908
醋葫芦,100323,261,venacular,1629
御香缥缈录,161953,239,venacular,1936
非烟传,2185,20,venacular,800
五美缘全传,128656,496,venacular,1822
李勣,373,0,venacular,800
鼓掌绝尘,160458,585,venacular,1631
七十二朝人物演义,145778,416,venacular,1640
楹联丛话全编,220350,530,venacular,1840
京都儒士,615,1,venacular,810
金刚仙,899,1,venacular,850
